Organisation,Industry,Services Offered,Data Retrieved,Information Deduced
Birmingham Dental Hospital,Health,"Dental care services, patient treatments, dental education","Patient records, dental history, medical prescriptions, appointment scheduling","Patient health trends, common dental issues, appointment efficiency, service demand"
European Space Agency (ESA),Space/Research,"Space exploration, satellite deployment, scientific research","Satellite data, space mission logs, scientific research data","Space mission success rates, satellite data usage, scientific breakthroughs"
HSBC plc,Banking/Finance,"Financial services, banking, loans, credit cards","Financial transactions, customer banking data, credit card usage, loan details","Customer spending habits, loan default risks, market trends in financial services"
Southampton General Hospital,Health,"Medical care, surgeries, patient treatment, emergency care","Patient health records, medical diagnostics, surgery reports","Patient recovery rates, success of medical treatments, operational efficiency of hospital services"
Rightmove,Real Estate,"Property listings, real estate data, market analytics","Property listings, market trends, user search history","Real estate market trends, property pricing fluctuations, buyer behavior"
National Aeronautics and Space Admin (NASA),Space/Research,"Space missions, satellite deployment, aeronautics research","Space mission data, satellite imagery, research findings","Space exploration success, innovation in aerospace, earth and space weather patterns"
Zoopla,Real Estate,"Real estate listings, market data, property valuation","Property market data, user preferences, real estate pricing","Property price forecasts, user preferences in real estate"
Google Map,Technology,"Mapping services, location data, GPS services","Location data, traffic patterns, user geolocation","Traffic congestion patterns, popular locations, user movement trends"
OpenStreetMap Foundation,Technology,"Open-source mapping, geographical data","Geographic data, mapping information, user contributions","Global geographical coverage, accuracy of user-contributed maps"
Next Plc,Retail,"Fashion retail, home goods, online shopping","Customer purchase history, inventory levels, supply chain data","Consumer buying patterns, popular product categories, sales forecasting"
Instagram,Social Media,"Social networking, photo and video sharing","User posts, engagement metrics (likes, comments), user demographics","Social media trends, user engagement patterns, demographic preferences"
Barclay Bank Plc,Banking/Finance,"Financial services, banking, investments","Customer financial data, transaction history, investment portfolios","Customer financial health, risk assessments for lending, investment preferences"
Twitter,Social Media,"Social networking, microblogging, real-time communication","User tweets, interaction data (likes, retweets), trending topics","Public opinion trends, viral topics, influence of key accounts"
John Lewis,Retail,"Retail sales (fashion, home goods), online shopping","Customer purchase data, stock information, delivery records","Retail demand forecasting, popular product lines, consumer satisfaction levels"
National Health Service (NHS),Health,"National healthcare services, medical research, patient care","Patient health records, medical research data, public health statistics","National health trends, disease outbreaks, patient care outcomes"
