Post Unique Reference,Name,Grade (or equivalent),Job Title,Job/Team Function,Parent Department,Organisation,Unit,Contact Phone,Contact E-mail,Reports to Senior Post,Salary Cost of Reports (£),FTE,Actual Pay Floor (£),Actual Pay Ceiling (£),,Professional/Occupational Group,Notes,Valid?
1,Jil Matheson,SCS4,Permanent Secretary,"National Statistician, Head of GSS",UK Statistics Authority,Office For National Statistics,UK Statistics Authority,01633 455036,national.statistician@statistics.gsi.gov.uk,Board,152924,1,140000,144999,,Statisticians,"The National Statistician is the Permanent Secretary and Chief Executive of the UK Statistics Authority and Head Of GSS. As Permanent Secretary, The National Statistician reports to the Cabinet Secretary.",1
2,Stephen Penneck,SCS3,Director General,Head Of ONS,UK Statistics Authority,Office For National Statistics,Office For National Statistics,0845 601 3034,info@statistics.gov.uk,1,431899,1,125000,129999,,Statisticians,The Office for National Statistics is the Executice Office of the UK Statistics Authority,1
3,Joe Grice,SCS2,Director,Reporting and analysing major social and economic issues,UK Statistics Authority,Office For National Statistics,Economic Labour and Social Analysis,0845 601 3034,info@statistics.gov.uk,2,692366,1,105000,109999,,Economics,,1
4,Caron Walker,SCS2,Director,Production of statistical outputs from its surveys and administrative sources,UK Statistics Authority,Office For National Statistics,Surveys and Administrative Sources,0845 601 3034,info@statistics.gov.uk,2,N/D,1,90000,94999,,Statisticians,Not disclosed - Less than 5 staff amount with post 2,1
5,Guy Goodwin,SCS2,Director,"Providing high quality data, statistics and analyses, at national and local level, on the number, distribution and health of the population as well as on the social and economic conditions affecting people in, local areas.",UK Statistics Authority,Office For National Statistics,Population Health and Regional,0845 601 3034,info@statistics.gov.uk,2,528099,1,85000,89999,,Statisticians,,1
6,Glen Watson,SCS2,Director,Planning and development of the processes required to conduct a national census and for the production of its statistical outputs.,UK Statistics Authority,Office For National Statistics,Census,0845 601 3034,info@statistics.gov.uk,2,1226404,1,95000,99999,,Statisticians,,1
7,Steve Newman,SCS2,Director,"Providing support, guidance and expertise to ONS staff, relating to financial management, accounting, procurement, enterprise software systems, strategic reporting & delivery, risk management and property & facility management services.",UK Statistics Authority,Office For National Statistics,Corporate Services,0845 601 3034,info@statistics.gov.uk,2,1696310,1,110000,114999,,Finance,,1
8,Paul Woobey,SCS2,Director,"Responsible for the design, deployment and management of IT solutions",UK Statistics Authority,Office For National Statistics,Information Management,0845 601 3034,info@statistics.gov.uk,2,300637,1,130000,134999,,Information Technology,,1
9,Dennis Roberts,SCS2,Director,"Provides the technical foundation for producing and analysing official statistics, and the methodological support for improving ONS surveys.",UK Statistics Authority,Office For National Statistics,Methodology,0845 601 3034,info@statistics.gov.uk,2,668389,0.68,115000,119999,,Statisticians,,1
10,Eliminated,SCS1A,Deputy Director (with additional responsibilities),Business Change & Support,UK Statistics Authority,Office For National Statistics,Business Change & Support,N/A,info@statistics.gov.uk,3,0,1,0,0,,Statisticians,,1
11,Eliminated,SCS1,Deputy Director,ONS Strategy & Governance,UK Statistics Authority,Office For National Statistics,ONS Strategy & Governance,N/A,info@statistics.gov.uk,2,0,1,0,0,,Operational Delivery,,1
12,Penny Hallett,SCS1,Deputy Director,Communication,UK Statistics Authority,Office For National Statistics,Communication,0845 601 3034,info@statistics.gov.uk,2,2580729,1,0,0,,Communications,,1
13,Tim Andrews,SCS1,Deputy Director,National Statisticians Office (Operations),UK Statistics Authority,Office For National Statistics,National Statisticians Office (Operations),01633 455247,nsoffice.enquiries@statistics.gsi.gov.uk,1,815111,1,0,0,,Statisticians,,1
14,Pam Davies,SCS1,Deputy Director,National Statisticians Office (Strategy),UK Statistics Authority,Office For National Statistics,National Statisticians Office (Strategy),01633 455247,nsoffice.enquiries@statistics.gsi.gov.uk,1,N/D,1,0,0,,Statisticians,Not disclosed - Less than 5 staff amount with post 1,1
15,Peter Patterson,SCS1,Deputy Director,Public Sector & Economics,UK Statistics Authority,Office For National Statistics,Public Sector & Economics,0845 601 3034,info@statistics.gov.uk,3,1661543,1,0,0,,Economics,,1
16,Glenn Everett,SCS1,Deputy Director,National Accounts Co-Ordination & Development,UK Statistics Authority,Office For National Statistics,National Accounts Coordination and Development,0845 601 3034,info@statistics.gov.uk,3,1928499,1,0,0,,Statisticians,,1
17,Eliminated,SCS1,Deputy Director,Web Development,UK Statistics Authority,Office For National Statistics,Web Development,N/A,info@statistics.gov.uk,6,0,1,0,0,,Operational Delivery,,1
18,Paul Allin,SCS1,Deputy Director,Measuring National Well Being,UK Statistics Authority,Office For National Statistics,Measuring National Wellbeing,0845 601 3034,info@statistics.gov.uk,3,1171730,1,0,0,,Statisticians,,1
19,Graeme Walker,SCS1,Deputy Director,Business Indicators & Balance Of Payments,UK Statistics Authority,Office For National Statistics,Business Indicators and Balance of Payments,0845 601 3034,info@statistics.gov.uk,3,2401109,1,0,0,,Statisticians,,1
20,Ole Black,SCS1,Deputy Director,Household & Labour Market,UK Statistics Authority,Office For National Statistics,Household and Labour Market,0845 601 3034,info@statistics.gov.uk,3,1990115,1,0,0,,Statisticians,,1
21,Peter Fullerton,SCS1,Deputy Director,Social Survey,UK Statistics Authority,Office For National Statistics,Social Survey,0845 601 3034,info@statistics.gov.uk,4,17844608,1,0,0,,Statisticians,,1
22,Derek Bird,SCS1,Deputy Director,Prices,UK Statistics Authority,Office For National Statistics,Prices,0845 601 3034,info@statistics.gov.uk,4,1934168,1,0,0,,Statisticians,,1
23,Sally Evans,SCS1,Deputy Director,Business Data,UK Statistics Authority,Office For National Statistics,Business Data,0845 601 3034,info@statistics.gov.uk,4,8561171,1,0,0,,Operational Delivery,,1
24,Michael Prestwood,SCS1,Deputy Director,Business Statistics,UK Statistics Authority,Office For National Statistics,Business Statistics,0845 601 3034,info@statistics.gov.uk,4,2226728,1,0,0,,Statisticians,,1
25,Jason Bradbury,SCS1,Deputy Director,Economic Statistics,UK Statistics Authority,Office For National Statistics,Economic Statistics,0845 601 3034,info@statistics.gov.uk,4,2072223,1,0,0,,Statisticians,,1
26,Ben Humberstone,SCS1,Deputy Director,Population & Demography,UK Statistics Authority,Office For National Statistics,Population & Demography,0845 601 3034,info@statistics.gov.uk,5,2453946,1,0,0,,Statisticians,,1
27,Judith Jones,SCS1,Deputy Director,Regional & Local Division,UK Statistics Authority,Office For National Statistics,Regional and Local,0845 601 3034,info@statistics.gov.uk,5,1118054,0.86,0,0,,Statisticians,,1
28,Lucy Vickers,SCS1,Deputy Director,Health & Life Events Division,UK Statistics Authority,Office For National Statistics,Health and Life Events,0845 601 3034,info@statistics.gov.uk,5,3288393,0.81,0,0,,Social Research,,1
29,Peter Benton,SCS1,Deputy Director,Beyond 2011,UK Statistics Authority,Office For National Statistics,Beyond 2011,0845 601 3034,info@statistics.gov.uk,5,1369484,1,0,0,,Policy,,1
30,Roma Chappell,SCS1,Deputy Director,Census Programme,UK Statistics Authority,Office For National Statistics,Census Programme,0845 601 3034,info@statistics.gov.uk,6,3646389,1,0,0,,Statisticians,,1
31,Ian Cope,SCS1,Deputy Director,Census Operations,UK Statistics Authority,Office For National Statistics,Census Operations,0845 601 3034,info@statistics.gov.uk,6,2052075,1,0,0,,Statisticians,,1
32,Paul Layland,SCS1,Deputy Director,Finance,UK Statistics Authority,Office For National Statistics,Finance,0845 601 3034,info@statistics.gov.uk,7,1544085,1,0,0,,Finance,,1
33,Eileen Heasman,SCS1,Deputy Director,Human Resources,UK Statistics Authority,Office For National Statistics,Human Resources,0845 601 3034,info@statistics.gov.uk,43,1501002,1,0,0,,Human Resources,,1
34,Colin Shaw,SCS1,Deputy Director,Operational Services,UK Statistics Authority,Office For National Statistics,Operational Services,0845 601 3034,info@statistics.gov.uk,8,5209920,1,0,0,,Information Technology,,1
35,Terence Compton,SCS1,Deputy Director,Customer Engagement & Delivery,UK Statistics Authority,Office For National Statistics,Customer Engagement & Delivery,0845 601 3034,info@statistics.gov.uk,8,2728803,1,0,0,,Information Technology,,1
36,Frank Nolan,SCS1,Deputy Director,Census Methodology & Infrastructure,UK Statistics Authority,Office For National Statistics,Census Methodology And Infrastructure,0845 601 3034,info@statistics.gov.uk,9,3972486,1,0,0,,Statisticians,,1
37,Martin Brand,SCS1,Deputy Director,Survey Methodology,UK Statistics Authority,Office For National Statistics,Survey Methodology,0845 601 3034,info@statistics.gov.uk,9,1806825,0.7,0,0,,Statisticians,,1
38,Eliminated,SCS1,Deputy Director,Statistical Framework,UK Statistics Authority,Office For National Statistics,Statistical Framework,N/A,info@statistics.gov.uk,9,0,1,0,0,,Statisticians,,1
39,Michael Trevitt,SCS1,Deputy Director,Information Security & Legal Services,UK Statistics Authority,Office For National Statistics,Information Security and Legal Services,0845 601 3034,info@statistics.gov.uk,9,603690,1,0,0,,Operational Delivery,,1
40,Eliminated,SCS1,Deputy Director,IM Solutions,UK Statistics Authority,Office For National Statistics,IM Solutions,N/A,info@statistics.gov.uk,8,0,1,0,0,,Information Technology,,1
41,Tricia Dodd,SCS1,Deputy Director,Crime Statistics,UK Statistics Authority,Office For National Statistics,Crime Statistics,0845 601 3034,info@statistics.gov.uk,5,0,1,0,0,,Social Research,Not disclosed - Less than 5 staff amount with 5,1
42,Claire Stretch,SCS1,Deputy Director,Web Data Access Project,UK Statistics Authority,Office For National Statistics,Web Data Access,0845 601 3034,info@statistics.gov.uk,31,333406,1,0,0,,Operational Delivery,,1
43,ND,SCS2,Director,"Providing support, guidance and expertise to ONS staff, relating to  human resources & learning & development.",UK Statistics Authority,Office For National Statistics,Corporate Services HR,0845 601 3034,info@statistics.gov.uk,2,N/D,1,0,0,,Operational Delivery,"Post not currently filled by a senior civil servant, salary not disclosed commercial in confidence - Less than 5 staff amount with post 2",1
2UK,Richard Alldritt,SCS3,Head Of Assessment,"Head of Assessment - responsible under the Statistics and Registration Service Act for ensuring compliance  with the Code of Practice for Official Statistics, and for other monitoring of production and publication of official statistics.",UK Statistics Authority,UK Statistics Authority,UK Statistics Authority,0845 604 1857,authority.enquiries@statistics.gsi.gov.uk,Board,394225,1,115000,119999,,Operational Delivery,Appointed by and reports to the Non-Ex Members of the UK Statistics Authority,1
3UK,Eliminated,SCS2,Director,UK Statistics Authority,UK Statistics Authority,UK Statistics Authority,UK Statistics Authority,N/A,authority.enquiries@statistics.gsi.gov.uk,2uk,0,1,0,0,,Statisticians,,1
4UK,Richard Laux,SCS1,Deputy Director,UK Statistics Authority,UK Statistics Authority,UK Statistics Authority,UK Statistics Authority,0845 604 1857,authority.enquiries@statistics.gsi.gov.uk,2UK,885353,1,0,0,,Operational Delivery,,1
5UK,Neil Jackson,SCS1,Deputy Director,UK Statistics Authority,UK Statistics Authority,UK Statistics Authority,UK Statistics Authority,0845 604 1857,authority.enquiries@statistics.gsi.gov.uk,4UK,N/D,1,0,0,,Operational Delivery,Not disclosed - Less than 5 staff amount with 2UK,1
Board,Board of the UK Statistics Authority,SCS4,Board of the UK Statistics Authority,Board of the UK Statistics Authority,UK Statistics Authority,UK Statistics Authority,UK Statistics Authority,N/D,authority.enquiries@statistics.gsi.gov.uk,xx,N/D,1,0,0,,Operational Delivery,The Board Of The UK Statistics Authority is made up of Non-Executive and Executive Members. The Board appears to group all top level UK Statistics Authority and Office For National Statistics posts under a single organogram.,1
